{
  "model_name": "naive_bayes",
  "metrics": {
    "accuracy": 0.75985,
    "precision": 0.6714232069095005,
    "recall": 0.16997813480368856,
    "f1": 0.271279016841147,
    "roc_auc": 0.7285867448101322
  },
  "details": {
    "alpha": 1.0,
    "training_time_seconds": 0.12,
    "val_f1": 0.25627679118187385
  }
}